{"cameraMode":{"drawMode":0,"name":"Shaded","section":"Shading Mode"},"sceneLighting":true,"audioPlay":false,"sceneViewState":{"m_AlwaysRefresh":false,"showFog":true,"showSkybox":true,"showFlares":true,"showImageEffects":true,"showParticleSystems":true,"showVisualEffectGraphs":true,"m_FxEnabled":true},"in2DMode":false,"pivot":{"x":0.42784228920936587,"y":-0.19550290703773499,"z":0.1516849398612976},"rotation":{"x":-0.2821604311466217,"y":0.6626148819923401,"z":-0.2985401153564453,"w":-0.626259982585907},"size":10.161534309387207,"orthographic":false}